1,neg
2,neg
3,neg
4,pos
5,pos
6,neg
7,pos
8,pos
9,pos
10,neg
11,pos
12,neg
13,neg
14,neg
15,pos
16,neg
17,pos
18,neg
19,pos
20,pos
21,pos
22,pos
23,neg
24,neg
25,pos
26,pos
27,neg
28,neg
29,neg
30,pos
31,pos
32,neg
33,pos
34,neg
35,pos
36,neg
37,neg
38,neg
39,pos
40,neg
41,neg
42,pos
43,pos
44,neg
45,neg
46,neg
47,neg
48,pos
49,pos
50,pos
51,neg
52,pos
53,neg
54,neg
55,neg
56,pos
57,neg
58,neg
59,pos
60,neg
61,pos
62,neg
63,pos
64,pos
65,pos
66,neg
67,pos
68,neg
69,pos
70,neg
71,pos
72,pos
73,neg
74,neg
75,neg
76,neg
77,pos
78,pos
79,neg
80,pos
81,neg
82,neg
83,neg
84,neg
85,neg
86,neg
87,neg
88,pos
89,pos
90,pos
91,pos
92,pos
93,neg
94,pos
95,neg
96,pos
97,pos
98,pos
99,pos
100,pos
101,neg
102,neg
103,neg
104,pos
105,neg
106,pos
107,pos
108,neg
109,pos
110,pos
111,pos
112,neg
113,pos
114,neg
115,pos
116,pos
117,pos
118,neg
119,pos
120,pos
121,neg
122,neg
123,neg
124,pos
125,pos
126,pos
127,pos
128,pos
129,pos
130,pos
131,pos
132,neg
133,neg
134,pos
135,neg
136,pos
137,pos
138,pos
139,neg
140,pos
141,pos
142,pos
143,pos
144,neg
145,neg
146,neg
147,neg
148,neg
149,pos
150,neg
151,neg
152,pos
153,pos
154,pos
155,neg
156,pos
157,neg
158,neg
159,neg
160,pos
161,pos
162,pos
163,neg
164,neg
165,neg
166,pos
167,neg
168,neg
169,neg
170,pos
171,pos
172,pos
173,pos
174,pos
175,neg
176,neg
177,pos
178,neg
179,pos
180,pos
181,neg
182,pos
183,neg
184,pos
185,pos
186,neg
187,pos
188,pos
189,neg
190,pos
191,pos
192,neg
193,neg
194,pos
195,neg
196,pos
197,pos
198,pos
199,pos
200,pos
201,neg
202,neg
203,pos
204,neg
205,neg
206,neg
207,pos
208,pos
209,pos
210,neg
211,pos
212,neg
213,neg
214,neg
215,neg
216,pos
217,neg
218,neg
219,neg
220,neg
221,neg
222,pos
223,neg
224,pos
225,neg
226,neg
227,neg
228,pos
229,neg
230,pos
231,pos
232,neg
233,pos
234,neg
235,pos
236,neg
237,pos
238,pos
239,neg
240,neg
241,neg
242,neg
243,neg
244,pos
245,pos
246,pos
247,pos
248,neg
249,pos
250,neg
251,neg
252,pos
253,pos
254,neg
255,neg
256,pos
257,pos
258,pos
259,pos
260,neg
261,pos
262,pos
263,neg
264,neg
265,pos
266,pos
267,pos
268,pos
269,neg
270,neg
271,pos
272,pos
273,neg
274,neg
275,pos
276,pos
277,pos
278,pos
279,pos
280,pos
281,neg
282,neg
283,pos
284,neg
285,pos
286,neg
287,neg
288,neg
289,neg
290,neg
291,neg
292,neg
293,pos
294,pos
295,neg
296,pos
297,pos
298,pos
299,neg
300,neg
301,pos
302,neg
303,pos
304,neg
305,neg
306,pos
307,neg
308,pos
309,pos
310,pos
311,pos
312,neg
313,pos
314,neg
315,neg
316,neg
317,pos
318,pos
319,pos
320,neg
321,pos
322,pos
323,neg
324,pos
325,neg
326,neg
327,neg
328,pos
329,pos
330,neg
331,neg
332,pos
333,neg
334,neg
335,neg
336,pos
337,pos
338,pos
339,neg
340,pos
341,neg
342,neg
343,pos
344,pos
345,neg
346,pos
347,pos
348,pos
349,neg
350,pos
351,neg
352,pos
353,pos
354,pos
355,pos
356,pos
357,neg
358,neg
359,neg
360,neg
361,pos
362,neg
363,neg
364,neg
365,neg
366,pos
367,pos
368,pos
369,neg
370,neg
371,neg
372,neg
373,neg
374,pos
375,neg
376,pos
377,pos
378,neg
379,pos
380,neg
381,pos
382,neg
383,pos
384,pos
385,neg
386,neg
387,pos
388,pos
389,neg
390,neg
391,pos
392,neg
393,pos
394,neg
395,pos
396,pos
397,pos
398,pos
399,neg
400,neg
401,neg
402,neg
403,pos
404,pos
405,pos
406,neg
407,pos
408,pos
409,pos
410,pos
411,neg
412,neg
413,pos
414,neg
415,neg
416,neg
417,pos
418,pos
419,pos
420,pos
421,pos
422,pos
423,neg
424,pos
425,pos
426,pos
427,neg
428,neg
429,pos
430,neg
431,neg
432,pos
433,neg
434,neg
435,pos
436,neg
437,neg
438,pos
439,pos
440,pos
441,neg
442,neg
443,pos
444,pos
445,pos
446,pos
447,pos
448,neg
449,pos
450,pos
451,neg
452,pos
453,neg
454,neg
455,pos
456,pos
457,neg
458,pos
459,pos
460,neg
461,neg
462,neg
463,pos
464,neg
465,neg
466,pos
467,pos
468,neg
469,neg
470,pos
471,neg
472,neg
473,neg
474,pos
475,neg
476,neg
477,pos
478,neg
479,pos
480,pos
481,neg
482,neg
483,neg
484,pos
485,neg
486,neg
487,neg
488,pos
489,pos
490,pos
491,pos
492,pos
493,pos
494,neg
495,pos
496,neg
497,neg
498,pos
499,pos
500,pos
501,pos
502,neg
503,pos
504,pos
505,pos
506,neg
507,neg
508,pos
509,neg
510,neg
511,neg
512,neg
513,neg
514,pos
515,neg
516,neg
517,neg
518,neg
519,pos
520,neg
521,pos
522,neg
523,neg
524,pos
525,neg
526,neg
527,pos
528,neg
529,neg
530,neg
531,neg
532,pos
533,neg
534,neg
535,pos
536,neg
537,pos
538,neg
539,pos
540,pos
541,pos
542,pos
543,pos
544,pos
545,neg
546,pos
547,pos
548,pos
549,pos
550,neg
551,neg
552,neg
553,pos
554,neg
555,neg
556,neg
557,pos
558,neg
559,pos
560,pos
561,neg
562,pos
563,pos
564,pos
565,neg
566,pos
567,pos
568,pos
569,neg
570,neg
571,pos
572,neg
573,neg
574,neg
575,neg
576,neg
577,pos
578,neg
579,pos
580,pos
581,pos
582,neg
583,neg
584,pos
585,pos
586,pos
587,pos
588,neg
589,pos
590,pos
591,pos
592,neg
593,pos
594,pos
595,pos
596,neg
597,neg
598,neg
599,neg
600,pos
601,neg
602,neg
603,neg
604,neg
605,neg
606,neg
607,pos
608,neg
609,pos
610,pos
611,pos
612,pos
613,pos
614,neg
615,pos
616,pos
617,neg
618,neg
619,neg
620,pos
621,pos
622,pos
623,pos
624,pos
625,neg
626,pos
627,pos
628,pos
629,neg
630,pos
631,pos
632,pos
633,pos
634,pos
635,neg
636,pos
637,neg
638,pos
639,neg
640,neg
641,pos
642,pos
643,pos
644,pos
645,neg
646,pos
647,neg
648,neg
649,neg
650,pos
651,neg
652,neg
653,neg
654,neg
655,pos
656,pos
657,pos
658,pos
659,neg
660,pos
661,neg
662,neg
663,neg
664,neg
665,pos
666,neg
667,pos
668,pos
669,neg
670,neg
671,pos
672,pos
673,neg
674,neg
675,pos
676,neg
677,pos
678,pos
679,neg
680,pos
681,neg
682,neg
683,neg
684,pos
685,pos
686,pos
687,neg
688,neg
689,neg
690,neg
691,pos
692,neg
693,neg
694,pos
695,pos
696,neg
697,pos
698,pos
699,neg
700,neg
701,neg
702,pos
703,pos
704,pos
705,neg
706,neg
707,neg
708,pos
709,pos
710,neg
711,pos
712,neg
713,neg
714,pos
715,neg
716,neg
717,pos
718,pos
719,pos
720,neg
721,pos
722,neg
723,neg
724,pos
725,pos
726,neg
727,pos
728,pos
729,neg
730,pos
731,pos
732,pos
733,pos
734,pos
735,pos
736,pos
737,pos
738,pos
739,neg
740,neg
741,neg
742,pos
743,neg
744,pos
745,pos
746,neg
747,neg
748,pos
749,neg
750,pos
751,pos
752,pos
753,neg
754,neg
755,pos
756,neg
757,neg
758,neg
759,pos
760,pos
761,pos
762,pos
763,neg
764,pos
765,pos
766,neg
767,neg
768,neg
769,neg
770,neg
771,neg
772,pos
773,pos
774,pos
775,neg
776,neg
777,neg
778,neg
779,pos
780,pos
781,neg
782,neg
783,neg
784,neg
785,pos
786,neg
787,pos
788,pos
789,neg
790,neg
791,pos
792,pos
793,pos
794,neg
795,neg
796,neg
797,pos
798,neg
799,pos
800,neg
801,pos
802,neg
803,pos
804,neg
805,neg
806,neg
807,pos
808,neg
809,pos
810,pos
811,pos
812,neg
813,neg
814,neg
815,neg
816,pos
817,pos
818,pos
819,pos
820,neg
821,pos
822,pos
823,neg
824,neg
825,pos
826,pos
827,pos
828,pos
829,pos
830,pos
831,neg
832,neg
833,neg
834,neg
835,pos
836,pos
837,pos
838,pos
839,pos
840,neg
841,pos
842,neg
843,pos
844,pos
845,neg
846,neg
847,neg
848,neg
849,pos
850,neg
851,neg
852,neg
853,pos
854,pos
855,pos
856,pos
857,neg
858,neg
859,pos
860,pos
861,pos
862,neg
863,neg
864,pos
865,neg
866,neg
867,pos
868,neg
869,neg
870,pos
871,neg
872,neg
873,neg
874,neg
875,pos
876,pos
877,pos
878,pos
879,pos
880,neg
881,pos
882,pos
883,pos
884,neg
885,pos
886,pos
887,pos
888,neg
889,neg
890,pos
891,neg
892,pos
893,pos
894,neg
895,neg
896,neg
897,neg
898,neg
899,pos
900,neg
901,neg
902,neg
903,pos
904,neg
905,pos
906,neg
907,neg
908,pos
909,pos
910,neg
911,pos
912,pos
913,pos
914,pos
915,neg
916,neg
917,pos
918,neg
919,pos
920,neg
921,neg
922,neg
923,neg
924,neg
925,neg
926,neg
927,neg
928,neg
929,neg
930,pos
931,pos
932,neg
933,neg
934,pos
935,neg
936,pos
937,neg
938,neg
939,pos
940,neg
941,neg
942,pos
943,pos
944,pos
945,neg
946,pos
947,pos
948,neg
949,pos
950,neg
951,pos
952,pos
953,pos
954,neg
955,pos
956,neg
957,neg
958,pos
959,neg
960,pos
961,pos
962,neg
963,neg
964,pos
965,neg
966,pos
967,neg
968,pos
969,pos
970,neg
971,neg
972,pos
973,pos
974,neg
975,neg
976,neg
977,neg
978,neg
979,neg
980,pos
981,pos
982,neg
983,pos
984,pos
985,pos
986,neg
987,pos
988,neg
989,neg
990,neg
991,pos
992,neg
993,neg
994,neg
995,pos
996,pos
997,neg
998,neg
999,pos
1000,pos
1001,neg
1002,pos
1003,neg
1004,pos
1005,pos
1006,neg
1007,neg
1008,pos
1009,neg
1010,neg
1011,pos
1012,neg
1013,neg
1014,pos
1015,neg
1016,pos
1017,pos
1018,pos
1019,pos
1020,neg
1021,pos
1022,neg
1023,neg
1024,pos
1025,pos
1026,neg
1027,pos
1028,neg
1029,neg
1030,neg
1031,neg
1032,pos
1033,neg
1034,neg
1035,pos
1036,pos
1037,neg
1038,pos
1039,pos
1040,pos
1041,neg
1042,pos
1043,pos
1044,pos
1045,neg
1046,pos
1047,neg
1048,pos
1049,neg
1050,pos
1051,pos
1052,pos
1053,pos
1054,pos
1055,neg
1056,pos
1057,pos
1058,neg
1059,pos
1060,neg
1061,pos
1062,neg
1063,pos
1064,neg
1065,pos
1066,neg
1067,neg
1068,pos
1069,pos
1070,pos
1071,pos
1072,pos
1073,neg
1074,pos
1075,neg
1076,neg
1077,pos
1078,neg
1079,pos
1080,pos
1081,pos
1082,pos
1083,pos
1084,pos
1085,pos
1086,pos
1087,pos
1088,neg
1089,pos
1090,neg
1091,pos
1092,neg
1093,pos
1094,pos
1095,neg
1096,pos
1097,pos
1098,pos
1099,neg
1100,neg
1101,pos
1102,pos
1103,neg
1104,pos
1105,pos
1106,pos
1107,pos
1108,pos
1109,neg
1110,neg
1111,neg
1112,neg
1113,neg
1114,neg
1115,pos
1116,neg
1117,pos
1118,pos
1119,neg
1120,neg
1121,neg
1122,neg
1123,neg
1124,pos
1125,neg
1126,pos
1127,pos
1128,neg
1129,pos
1130,pos
1131,neg
1132,neg
1133,pos
1134,pos
1135,pos
1136,pos
1137,neg
1138,neg
1139,pos
1140,pos
1141,neg
1142,pos
1143,pos
1144,neg
1145,pos
1146,pos
1147,neg
1148,pos
1149,neg
1150,neg
1151,pos
1152,pos
1153,pos
1154,neg
1155,pos
1156,neg
1157,pos
1158,neg
1159,pos
1160,neg
1161,pos
1162,pos
1163,neg
1164,neg
1165,pos
1166,neg
1167,neg
1168,neg
1169,pos
1170,pos
1171,pos
1172,neg
1173,neg
1174,pos
1175,neg
1176,neg
1177,pos
1178,neg
1179,neg
1180,pos
1181,neg
1182,neg
1183,neg
1184,neg
1185,pos
1186,neg
1187,pos
1188,neg
1189,neg
1190,pos
1191,pos
1192,pos
1193,pos
1194,pos
1195,pos
1196,pos
1197,neg
1198,neg
1199,neg
1200,neg
1201,pos
1202,pos
1203,pos
1204,neg
1205,pos
1206,neg
1207,pos
1208,pos
1209,pos
1210,neg
1211,pos
1212,neg
1213,pos
1214,pos
1215,neg
1216,neg
1217,neg
1218,neg
1219,neg
1220,pos
1221,pos
1222,neg
1223,neg
1224,neg
1225,neg
1226,pos
1227,neg
1228,pos
1229,pos
1230,pos
1231,neg
1232,pos
1233,pos
1234,neg
1235,neg
1236,neg
1237,pos
1238,pos
1239,pos
1240,neg
1241,pos
1242,pos
1243,neg
1244,pos
1245,pos
1246,neg
1247,neg
1248,pos
1249,neg
1250,neg
1251,pos
1252,pos
1253,pos
1254,neg
1255,neg
1256,pos
1257,pos
1258,pos
1259,pos
1260,pos
1261,neg
1262,pos
1263,neg
1264,pos
1265,neg
1266,pos
1267,neg
1268,neg
1269,neg
1270,neg
1271,neg
1272,pos
1273,neg
1274,neg
1275,pos
1276,pos
1277,neg
1278,pos
1279,neg
1280,neg
1281,neg
1282,pos
1283,pos
1284,pos
1285,pos
1286,neg
1287,pos
1288,neg
1289,pos
1290,pos
1291,pos
1292,neg
1293,neg
1294,neg
1295,pos
1296,neg
1297,pos
1298,pos
1299,pos
1300,neg
1301,neg
1302,pos
1303,neg
1304,pos
1305,neg
1306,neg
1307,pos
1308,pos
1309,pos
1310,neg
1311,pos
1312,pos
1313,pos
1314,neg
1315,neg
1316,pos
1317,neg
1318,neg
1319,pos
1320,neg
1321,pos
1322,neg
1323,pos
1324,neg
1325,pos
1326,pos
1327,pos
1328,neg
1329,pos
1330,neg
1331,pos
1332,pos
1333,neg
1334,neg
1335,neg
1336,neg
1337,pos
1338,neg
1339,pos
1340,neg
1341,neg
1342,pos
1343,neg
1344,neg
1345,pos
1346,neg
1347,neg
1348,neg
1349,pos
1350,pos
1351,pos
1352,neg
1353,pos
1354,neg
1355,neg
1356,neg
1357,pos
1358,neg
1359,neg
1360,pos
1361,neg
1362,neg
1363,neg
1364,neg
1365,pos
1366,pos
1367,pos
1368,neg
1369,pos
1370,neg
1371,pos
1372,neg
1373,neg
1374,pos
1375,neg
1376,pos
1377,pos
1378,pos
1379,pos
1380,neg
1381,pos
1382,pos
1383,pos
1384,neg
1385,pos
1386,pos
1387,neg
1388,pos
1389,pos
1390,neg
1391,pos
1392,neg
1393,neg
1394,pos
1395,pos
1396,neg
1397,neg
1398,pos
1399,neg
1400,neg
1401,pos
1402,neg
1403,neg
1404,neg
1405,pos
1406,neg
1407,neg
1408,pos
1409,neg
1410,neg
1411,neg
1412,neg
1413,neg
1414,neg
1415,neg
1416,pos
1417,pos
1418,pos
1419,neg
1420,neg
1421,pos
1422,pos
1423,neg
1424,neg
1425,pos
1426,pos
1427,pos
1428,pos
1429,pos
1430,pos
1431,pos
1432,pos
1433,pos
1434,neg
1435,neg
1436,pos
1437,neg
1438,neg
1439,pos
1440,pos
1441,neg
1442,pos
1443,neg
1444,neg
1445,pos
1446,pos
1447,pos
1448,pos
1449,pos
1450,neg
1451,neg
1452,neg
1453,neg
1454,neg
1455,pos
1456,pos
1457,neg
1458,neg
1459,pos
1460,neg
1461,pos
1462,pos
1463,pos
1464,neg
1465,pos
1466,neg
1467,pos
1468,pos
1469,pos
1470,pos
1471,neg
1472,pos
1473,pos
1474,pos
1475,pos
1476,neg
1477,neg
1478,neg
1479,neg
1480,pos
1481,pos
1482,pos
1483,pos
1484,pos
1485,neg
1486,pos
1487,neg
1488,pos
1489,neg
1490,pos
1491,pos
1492,neg
1493,pos
1494,pos
1495,neg
1496,pos
1497,neg
1498,pos
1499,neg
1500,pos
1501,neg
1502,neg
1503,neg
1504,pos
1505,neg
1506,pos
1507,pos
1508,neg
1509,neg
1510,neg
1511,pos
1512,neg
1513,pos
1514,pos
1515,neg
1516,pos
1517,pos
1518,neg
1519,pos
1520,pos
1521,pos
1522,pos
1523,neg
1524,pos
1525,pos
1526,pos
1527,neg
1528,pos
1529,pos
1530,pos
1531,pos
1532,pos
1533,neg
1534,pos
1535,neg
1536,neg
1537,pos
1538,neg
1539,neg
1540,pos
1541,pos
1542,pos
1543,pos
1544,neg
1545,pos
1546,pos
1547,pos
1548,neg
1549,neg
1550,neg
1551,neg
1552,neg
1553,neg
1554,pos
1555,pos
1556,pos
1557,neg
1558,pos
1559,pos
1560,pos
1561,neg
1562,neg
1563,pos
1564,pos
1565,neg
1566,neg
1567,pos
1568,pos
1569,neg
1570,neg
1571,neg
1572,pos
1573,neg
1574,neg
1575,pos
1576,neg
1577,pos
1578,pos
1579,pos
1580,neg
1581,neg
1582,neg
1583,pos
1584,pos
1585,neg
1586,pos
1587,neg
1588,neg
1589,pos
1590,pos
1591,neg
1592,neg
1593,neg
1594,pos
1595,neg
1596,pos
1597,neg
1598,neg
1599,pos
1600,pos
1601,neg
1602,pos
1603,neg
1604,neg
1605,pos
1606,pos
1607,pos
1608,pos
1609,neg
1610,pos
1611,neg
1612,pos
1613,neg
1614,neg
1615,neg
1616,pos
1617,neg
1618,pos
1619,neg
1620,pos
1621,pos
1622,pos
1623,neg
1624,neg
1625,pos
1626,neg
1627,pos
1628,neg
1629,pos
1630,pos
1631,pos
1632,pos
1633,pos
1634,neg
1635,neg
1636,neg
1637,pos
1638,neg
1639,neg
1640,pos
1641,neg
1642,pos
1643,pos
1644,neg
1645,pos
1646,neg
1647,neg
1648,neg
1649,pos
1650,pos
1651,pos
1652,pos
1653,neg
1654,pos
1655,neg
1656,pos
1657,pos
1658,neg
1659,pos
1660,neg
1661,pos
1662,pos
1663,pos
1664,pos
1665,neg
1666,neg
1667,neg
1668,pos
1669,pos
1670,neg
1671,neg
1672,neg
1673,pos
1674,pos
1675,pos
1676,pos
1677,pos
1678,pos
1679,neg
1680,neg
1681,pos
1682,pos
1683,neg
1684,neg
1685,neg
1686,neg
1687,neg
1688,pos
1689,pos
1690,neg
1691,pos
1692,pos
1693,neg
1694,neg
1695,pos
1696,pos
1697,neg
1698,pos
1699,neg
1700,neg
1701,pos
1702,neg
1703,pos
1704,pos
1705,pos
1706,neg
1707,pos
1708,pos
1709,neg
1710,neg
1711,neg
1712,neg
1713,pos
1714,neg
1715,pos
1716,pos
1717,neg
1718,neg
1719,neg
1720,neg
1721,neg
1722,neg
1723,pos
1724,neg
1725,neg
1726,neg
1727,pos
1728,neg
1729,neg
1730,neg
1731,pos
1732,neg
1733,neg
1734,neg
1735,pos
1736,pos
1737,pos
1738,neg
1739,pos
1740,pos
1741,pos
1742,neg
1743,pos
1744,neg
1745,pos
1746,neg
1747,pos
1748,neg
1749,pos
1750,neg
1751,pos
1752,neg
1753,pos
1754,neg
1755,neg
1756,neg
1757,pos
1758,pos
1759,pos
1760,pos
1761,pos
1762,neg
1763,pos
1764,neg
1765,pos
1766,neg
1767,pos
1768,pos
1769,pos
1770,neg
1771,neg
1772,pos
1773,pos
1774,pos
1775,neg
1776,pos
1777,pos
1778,pos
1779,pos
1780,pos
1781,pos
1782,pos
1783,pos
1784,neg
1785,pos
1786,pos
1787,neg
1788,pos
1789,neg
1790,neg
1791,pos
1792,pos
1793,neg
1794,neg
1795,neg
1796,pos
1797,neg
1798,pos
1799,pos
1800,neg
1801,neg
1802,neg
1803,neg
1804,pos
1805,pos
1806,pos
1807,pos
1808,neg
1809,pos
1810,neg
1811,neg
1812,pos
1813,neg
1814,neg
1815,neg
1816,pos
1817,neg
1818,pos
1819,pos
1820,pos
1821,neg
1822,neg
1823,neg
1824,pos
1825,pos
1826,neg
1827,pos
1828,pos
1829,pos
1830,neg
1831,neg
1832,neg
1833,pos
1834,pos
1835,pos
1836,pos
1837,pos
1838,pos
1839,neg
1840,pos
1841,neg
1842,neg
1843,pos
1844,pos
1845,pos
1846,pos
1847,pos
1848,neg
1849,pos
1850,neg
1851,pos
1852,neg
1853,neg
1854,neg
1855,neg
1856,neg
1857,pos
1858,neg
1859,pos
1860,pos
1861,neg
1862,pos
1863,neg
1864,pos
1865,neg
1866,pos
1867,neg
1868,neg
1869,neg
1870,pos
1871,neg
1872,pos
1873,neg
1874,neg
1875,pos
1876,pos
1877,pos
1878,pos
1879,neg
1880,pos
1881,neg
1882,pos
1883,neg
1884,pos
1885,neg
1886,pos
1887,pos
1888,pos
1889,neg
1890,pos
1891,pos
1892,neg
1893,neg
1894,neg
1895,neg
1896,pos
1897,neg
1898,neg
1899,neg
1900,pos
1901,neg
1902,neg
1903,pos
1904,neg
1905,pos
1906,neg
1907,neg
1908,neg
1909,pos
1910,neg
1911,pos
1912,neg
1913,pos
1914,pos
1915,neg
1916,neg
1917,neg
1918,pos
1919,pos
1920,neg
1921,neg
1922,pos
1923,pos
1924,neg
1925,neg
1926,neg
1927,neg
1928,pos
1929,pos
1930,neg
1931,pos
1932,pos
1933,neg
1934,neg
1935,neg
1936,neg
1937,neg
1938,neg
1939,pos
1940,pos
1941,pos
1942,pos
1943,neg
1944,neg
1945,neg
1946,neg
1947,neg
1948,neg
1949,pos
1950,pos
1951,pos
1952,pos
1953,neg
1954,pos
1955,neg
1956,neg
1957,pos
1958,pos
1959,pos
1960,pos
1961,pos
1962,neg
1963,neg
1964,neg
1965,pos
1966,pos
1967,pos
1968,pos
1969,neg
1970,pos
1971,neg
1972,neg
1973,neg
1974,neg
1975,neg
1976,pos
1977,pos
1978,neg
1979,pos
1980,neg
1981,neg
1982,pos
1983,neg
1984,neg
1985,neg
1986,neg
1987,neg
1988,neg
1989,neg
1990,pos
1991,neg
1992,pos
1993,pos
1994,pos
1995,neg
1996,pos
1997,pos
1998,neg
1999,pos
2000,neg
2001,pos
2002,pos
2003,neg
2004,pos
2005,pos
2006,pos
2007,pos
2008,pos
2009,neg
2010,neg
2011,neg
2012,pos
2013,neg
2014,pos
2015,neg
2016,pos
2017,neg
2018,neg
2019,neg
2020,pos
2021,pos
2022,neg
2023,pos
2024,neg
2025,pos
2026,neg
2027,neg
2028,neg
2029,pos
2030,pos
2031,pos
2032,neg
2033,pos
2034,neg
2035,pos
2036,neg
2037,neg
2038,pos
2039,neg
2040,pos
2041,neg
2042,neg
2043,pos
2044,neg
2045,neg
2046,pos
2047,pos
2048,pos
2049,pos
2050,neg
2051,neg
2052,neg
2053,neg
2054,neg
2055,pos
2056,neg
2057,neg
2058,neg
2059,neg
2060,neg
2061,neg
2062,neg
2063,pos
2064,neg
2065,neg
2066,pos
2067,neg
2068,pos
2069,neg
2070,neg
2071,neg
2072,neg
2073,neg
2074,neg
2075,pos
2076,pos
2077,pos
2078,neg
2079,pos
2080,neg
2081,pos
2082,pos
2083,neg
2084,neg
2085,neg
2086,neg
2087,pos
2088,neg
2089,neg
2090,neg
2091,neg
2092,pos
2093,pos
2094,pos
2095,neg
2096,neg
2097,pos
2098,pos
2099,pos
2100,neg
2101,neg
2102,pos
2103,neg
2104,pos
2105,neg
2106,neg
2107,neg
2108,pos
2109,neg
2110,pos
2111,pos
2112,neg
2113,neg
2114,neg
2115,pos
2116,neg
2117,neg
2118,pos
2119,neg
2120,pos
2121,pos
2122,pos
2123,pos
2124,pos
2125,neg
2126,neg
2127,pos
2128,neg
2129,neg
2130,pos
2131,pos
2132,neg
2133,neg
2134,neg
2135,neg
2136,pos
2137,neg
2138,neg
2139,pos
2140,neg
2141,neg
2142,neg
2143,pos
2144,neg
2145,neg
2146,neg
2147,neg
2148,neg
2149,neg
2150,neg
2151,pos
2152,pos
2153,neg
2154,neg
2155,pos
2156,pos
2157,pos
2158,pos
2159,pos
2160,neg
2161,neg
2162,pos
2163,pos
2164,neg
2165,neg
2166,neg
2167,pos
2168,neg
2169,neg
2170,neg
2171,neg
2172,pos
2173,neg
2174,pos
2175,neg
2176,neg
2177,neg
2178,neg
2179,neg
2180,neg
2181,pos
2182,neg
2183,pos
2184,pos
2185,neg
2186,pos
2187,neg
2188,pos
2189,pos
2190,neg
2191,pos
2192,neg
2193,pos
2194,neg
2195,neg
2196,neg
2197,pos
2198,neg
2199,neg
2200,pos
2201,neg
2202,pos
2203,pos
2204,pos
2205,neg
2206,pos
2207,neg
2208,neg
2209,neg
2210,pos
2211,pos
2212,pos
2213,pos
2214,neg
2215,pos
2216,neg
2217,neg
2218,neg
2219,pos
2220,pos
2221,neg
2222,pos
2223,neg
2224,pos
2225,neg
2226,pos
2227,neg
2228,neg
2229,neg
2230,pos
2231,pos
2232,pos
2233,pos
2234,pos
2235,neg
2236,pos
2237,neg
2238,pos
2239,pos
2240,pos
2241,neg
2242,neg
2243,pos
2244,pos
2245,pos
2246,neg
2247,pos
2248,pos
2249,neg
2250,neg
2251,pos
2252,neg
2253,pos
2254,pos
2255,neg
2256,neg
2257,neg
2258,neg
2259,neg
2260,pos
2261,pos
2262,neg
2263,neg
2264,neg
2265,pos
2266,neg
2267,pos
2268,neg
2269,neg
2270,neg
2271,neg
2272,neg
2273,pos
2274,pos
2275,neg
2276,pos
2277,pos
2278,neg
2279,neg
2280,neg
2281,pos
2282,pos
2283,pos
2284,pos
2285,neg
2286,neg
2287,neg
2288,pos
2289,pos
2290,pos
2291,neg
2292,pos
2293,neg
2294,neg
2295,pos
2296,neg
2297,pos
2298,pos
2299,neg
2300,neg
2301,pos
2302,neg
2303,neg
2304,pos
2305,pos
2306,neg
2307,pos
2308,neg
2309,pos
2310,neg
2311,neg
2312,neg
2313,neg
2314,pos
2315,pos
2316,neg
2317,pos
2318,neg
2319,neg
2320,pos
2321,pos
2322,neg
2323,neg
2324,neg
2325,neg
2326,neg
2327,pos
2328,pos
2329,neg
2330,pos
2331,neg
2332,neg
2333,neg
2334,neg
2335,pos
2336,pos
2337,pos
2338,pos
2339,pos
2340,pos
2341,pos
2342,neg
2343,neg
2344,neg
2345,pos
2346,pos
2347,neg
2348,pos
2349,pos
2350,pos
2351,pos
2352,pos
2353,pos
2354,neg
2355,pos
2356,pos
2357,neg
2358,pos
2359,pos
2360,neg
2361,pos
2362,pos
2363,neg
2364,neg
2365,neg
2366,neg
2367,neg
2368,pos
2369,neg
2370,pos
2371,neg
2372,neg
2373,pos
2374,pos
2375,pos
2376,neg
2377,neg
2378,neg
2379,pos
2380,neg
2381,neg
2382,pos
2383,pos
2384,neg
2385,neg
2386,pos
2387,neg
2388,pos
2389,pos
2390,neg
2391,neg
2392,pos
2393,neg
2394,pos
2395,pos
2396,neg
2397,pos
2398,neg
2399,neg
2400,pos
2401,neg
2402,neg
2403,neg
2404,neg
2405,pos
2406,pos
2407,neg
2408,neg
2409,neg
2410,pos
2411,neg
2412,pos
2413,neg
2414,neg
2415,pos
2416,neg
2417,pos
2418,pos
2419,neg
2420,pos
2421,neg
2422,neg
2423,pos
2424,pos
2425,pos
2426,pos
2427,pos
2428,neg
2429,neg
2430,neg
2431,neg
2432,neg
2433,pos
2434,neg
2435,neg
2436,neg
2437,neg
2438,neg
2439,neg
2440,neg
2441,neg
2442,neg
2443,pos
2444,pos
2445,pos
2446,neg
2447,neg
2448,neg
2449,neg
2450,pos
2451,neg
2452,pos
2453,pos
2454,neg
2455,neg
2456,pos
2457,neg
2458,neg
2459,pos
2460,neg
2461,pos
2462,neg
2463,neg
2464,neg
2465,neg
2466,pos
2467,neg
2468,pos
2469,pos
2470,pos
2471,pos
2472,neg
2473,pos
2474,neg
2475,neg
2476,pos
2477,neg
2478,pos
2479,pos
2480,pos
2481,neg
2482,neg
2483,pos
2484,neg
2485,neg
2486,pos
2487,pos
2488,pos
2489,pos
2490,neg
2491,pos
2492,neg
2493,neg
2494,pos
2495,pos
2496,neg
2497,neg
2498,neg
2499,pos
2500,neg
2501,pos
2502,neg
2503,neg
2504,neg
2505,pos
2506,pos
2507,pos
2508,neg
2509,neg
2510,neg
2511,neg
2512,pos
2513,neg
2514,neg
2515,neg
2516,neg
2517,neg
2518,pos
2519,neg
2520,neg
2521,pos
2522,pos
2523,pos
2524,neg
2525,neg
2526,neg
2527,pos
2528,neg
2529,pos
2530,neg
2531,neg
2532,neg
2533,neg
2534,pos
2535,pos
2536,neg
2537,pos
2538,pos
2539,pos
2540,neg
2541,pos
2542,pos
2543,neg
2544,neg
2545,neg
2546,pos
2547,neg
2548,neg
2549,pos
2550,pos
2551,pos
2552,neg
2553,neg
2554,neg
2555,neg
2556,neg
2557,neg
2558,pos
2559,neg
2560,neg
2561,neg
2562,neg
2563,neg
2564,pos
2565,pos
2566,pos
2567,pos
2568,neg
2569,pos
2570,pos
2571,pos
2572,pos
2573,pos
2574,neg
2575,pos
2576,neg
2577,pos
2578,pos
2579,pos
2580,pos
2581,pos
2582,pos
2583,pos
2584,neg
2585,neg
2586,neg
2587,neg
2588,pos
2589,pos
2590,pos
2591,pos
2592,pos
2593,pos
2594,neg
2595,neg
2596,pos
2597,pos
2598,pos
2599,pos
2600,pos
2601,neg
2602,neg
2603,pos
2604,neg
2605,neg
2606,pos
2607,pos
2608,neg
2609,neg
2610,pos
2611,pos
2612,pos
2613,pos
2614,neg
2615,pos
2616,pos
2617,neg
2618,neg
2619,pos
2620,neg
2621,neg
2622,pos
2623,pos
2624,pos
2625,neg
2626,pos
2627,neg
2628,neg
2629,pos
2630,pos
2631,pos
2632,pos
2633,pos
2634,neg
2635,pos
2636,pos
2637,neg
2638,pos
2639,neg
2640,neg
2641,neg
2642,neg
2643,neg
2644,neg
2645,pos
2646,neg
2647,neg
2648,neg
2649,pos
2650,neg
2651,pos
2652,neg
2653,pos
2654,pos
2655,pos
2656,pos
2657,neg
2658,pos
2659,pos
2660,pos
2661,pos
2662,neg
2663,pos
2664,pos
2665,neg
2666,neg
2667,neg
2668,pos
2669,neg
2670,neg
2671,pos
2672,neg
2673,pos
2674,neg
2675,neg
2676,neg
2677,neg
2678,pos
2679,neg
2680,neg
2681,neg
2682,neg
2683,pos
2684,pos
2685,neg
2686,pos
2687,pos
2688,neg
2689,pos
2690,pos
2691,neg
2692,pos
2693,pos
2694,pos
2695,pos
2696,neg
2697,pos
2698,pos
2699,pos
2700,neg
2701,neg
2702,neg
2703,pos
2704,pos
2705,pos
2706,neg
2707,neg
2708,neg
2709,neg
2710,pos
2711,neg
2712,pos
2713,pos
2714,pos
2715,neg
2716,pos
2717,neg
2718,pos
2719,neg
2720,pos
2721,neg
2722,neg
2723,pos
2724,neg
2725,pos
2726,neg
2727,pos
2728,pos
2729,neg
2730,neg
2731,pos
2732,pos
2733,neg
2734,pos
2735,pos
2736,pos
2737,pos
2738,neg
2739,pos
2740,pos
2741,pos
2742,pos
2743,pos
2744,pos
2745,neg
2746,pos
2747,pos
2748,neg
2749,pos
2750,neg
2751,neg
2752,pos
2753,neg
2754,neg
2755,pos
2756,neg
2757,pos
2758,neg
2759,neg
2760,neg
2761,pos
2762,neg
2763,neg
2764,pos
2765,neg
2766,neg
2767,pos
2768,pos
2769,neg
2770,pos
2771,neg
2772,pos
2773,pos
2774,neg
2775,neg
2776,pos
2777,neg
2778,neg
2779,neg
2780,pos
2781,neg
2782,neg
2783,neg
2784,pos
2785,neg
2786,neg
2787,neg
2788,pos
2789,pos
2790,pos
2791,neg
2792,pos
2793,neg
2794,neg
2795,neg
2796,pos
2797,neg
2798,pos
2799,neg
2800,neg
2801,pos
2802,neg
2803,neg
2804,pos
2805,neg
2806,pos
2807,pos
2808,neg
2809,neg
2810,pos
2811,pos
2812,pos
2813,neg
2814,pos
2815,neg
2816,pos
2817,neg
2818,neg
2819,neg
2820,pos
2821,neg
2822,pos
2823,pos
2824,pos
2825,pos
2826,pos
2827,neg
2828,pos
2829,neg
2830,neg
2831,neg
2832,pos
2833,neg
2834,neg
2835,neg
2836,pos
2837,neg
2838,neg
2839,pos
2840,neg
2841,neg
2842,pos
2843,neg
2844,neg
2845,pos
2846,pos
2847,neg
2848,pos
2849,neg
2850,pos
2851,neg
2852,pos
2853,neg
2854,pos
2855,pos
2856,neg
2857,pos
2858,pos
2859,neg
2860,neg
2861,pos
2862,neg
2863,pos
2864,neg
2865,pos
2866,pos
2867,pos
2868,neg
2869,pos
2870,neg
2871,pos
2872,pos
2873,pos
2874,pos
2875,pos
2876,neg
2877,neg
2878,pos
2879,pos
2880,neg
2881,pos
2882,neg
2883,pos
2884,neg
2885,neg
2886,neg
2887,pos
2888,pos
2889,pos
2890,pos
2891,pos
2892,pos
2893,pos
2894,pos
2895,neg
2896,pos
2897,pos
2898,pos
2899,pos
2900,pos
2901,neg
2902,neg
2903,neg
2904,pos
2905,pos
2906,neg
2907,pos
2908,pos
2909,pos
2910,pos
2911,neg
2912,pos
2913,pos
2914,neg
2915,neg
2916,pos
2917,pos
2918,pos
2919,neg
2920,pos
2921,pos
2922,neg
2923,pos
2924,pos
2925,neg
2926,neg
2927,neg
2928,pos
2929,pos
2930,neg
2931,neg
2932,pos
2933,pos
2934,neg
2935,neg
2936,pos
2937,pos
2938,pos
2939,neg
2940,pos
2941,neg
2942,neg
2943,pos
2944,pos
2945,pos
2946,pos
2947,neg
2948,neg
2949,neg
2950,pos
2951,pos
2952,pos
2953,neg
2954,pos
2955,pos
2956,pos
2957,neg
2958,neg
2959,pos
2960,neg
2961,neg
2962,pos
2963,neg
2964,neg
2965,neg
2966,pos
2967,neg
2968,neg
2969,pos
2970,pos
2971,pos
2972,pos
2973,pos
2974,pos
2975,neg
2976,pos
2977,pos
2978,neg
2979,pos
2980,pos
2981,neg
2982,pos
2983,pos
2984,pos
2985,pos
2986,pos
2987,pos
2988,neg
2989,neg
2990,neg
2991,pos
2992,neg
2993,neg
2994,pos
2995,neg
2996,neg
2997,pos
2998,pos
2999,pos
3000,pos
3001,neg
3002,neg
3003,neg
3004,pos
3005,pos
3006,pos
3007,pos
3008,pos
3009,pos
3010,neg
3011,neg
3012,pos
3013,neg
3014,neg
3015,pos
3016,neg
3017,neg
3018,pos
3019,neg
3020,neg
3021,pos
3022,pos
3023,pos
3024,pos
3025,pos
3026,neg
3027,pos
3028,pos
3029,neg
3030,pos
3031,neg
3032,pos
3033,neg
3034,pos
3035,neg
3036,pos
3037,pos
3038,pos
3039,pos
3040,pos
3041,neg
3042,neg
3043,neg
3044,pos
3045,pos
3046,neg
3047,neg
3048,pos
3049,pos
3050,pos
3051,neg
3052,pos
3053,neg
3054,pos
3055,neg
3056,pos
3057,pos
3058,neg
3059,neg
3060,pos
3061,neg
3062,neg
3063,neg
3064,neg
3065,neg
3066,neg
3067,neg
3068,neg
3069,pos
3070,neg
3071,pos
3072,neg
3073,neg
3074,neg
3075,pos
3076,neg
3077,neg
3078,pos
3079,neg
3080,pos
3081,neg
3082,neg
3083,neg
3084,pos
3085,neg
3086,neg
3087,pos
3088,pos
3089,neg
3090,pos
3091,neg
3092,neg
3093,neg
3094,neg
3095,pos
3096,pos
3097,neg
3098,neg
3099,neg
3100,pos
3101,neg
3102,pos
3103,pos
3104,pos
3105,neg
3106,neg
3107,neg
3108,neg
3109,neg
3110,pos
3111,neg
3112,pos
3113,neg
3114,neg
3115,neg
3116,pos
3117,pos
3118,pos
3119,pos
3120,neg
3121,pos
3122,neg
3123,neg
3124,neg
3125,pos
3126,neg
3127,pos
3128,neg
3129,neg
3130,pos
3131,neg
3132,neg
3133,neg
3134,pos
3135,pos
3136,pos
3137,pos
3138,pos
3139,neg
3140,pos
3141,neg
3142,neg
3143,pos
3144,pos
3145,pos
3146,neg
3147,pos
3148,pos
3149,pos
3150,neg
3151,neg
3152,neg
3153,pos
3154,neg
3155,pos
3156,neg
3157,pos
3158,neg
3159,neg
3160,pos
3161,neg
3162,pos
3163,pos
3164,pos
3165,pos
3166,pos
3167,neg
3168,neg
3169,neg
3170,neg
3171,neg
3172,neg
3173,neg
3174,neg
3175,pos
3176,neg
3177,neg
3178,neg
3179,neg
3180,pos
3181,neg
3182,pos
3183,neg
3184,neg
3185,neg
3186,pos
3187,neg
3188,pos
3189,pos
3190,pos
3191,pos
3192,neg
3193,pos
3194,pos
3195,neg
3196,pos
3197,pos
3198,neg
3199,neg
3200,neg
3201,pos
3202,pos
3203,pos
3204,pos
3205,neg
3206,neg
3207,neg
3208,pos
3209,neg
3210,pos
3211,pos
3212,pos
3213,neg
3214,pos
3215,pos
3216,pos
3217,neg
3218,neg
3219,pos
3220,pos
3221,pos
3222,pos
3223,pos
3224,neg
3225,neg
3226,neg
3227,neg
3228,pos
3229,pos
3230,neg
3231,neg
3232,neg
3233,neg
3234,pos
3235,pos
3236,pos
3237,pos
3238,pos
3239,pos
3240,pos
3241,neg
3242,neg
3243,neg
3244,neg
3245,neg
3246,neg
3247,pos
3248,pos
3249,pos
3250,pos
3251,neg
3252,neg
3253,neg
3254,neg
3255,pos
3256,pos
3257,neg
3258,neg
3259,neg
3260,neg
3261,pos
3262,pos
3263,neg
3264,neg
3265,neg
3266,neg
3267,neg
3268,neg
3269,neg
3270,neg
3271,pos
3272,neg
3273,pos
3274,neg
3275,neg
3276,neg
3277,neg
3278,neg
3279,neg
3280,neg
3281,pos
3282,neg
3283,pos
3284,pos
3285,neg
3286,neg
3287,pos
3288,neg
3289,neg
3290,neg
3291,neg
3292,neg
3293,neg
3294,pos
3295,neg
3296,pos
3297,neg
3298,pos
3299,pos
3300,pos
3301,pos
3302,pos
3303,pos
3304,neg
3305,pos
3306,pos
3307,neg
3308,neg
3309,neg
3310,neg
3311,pos
3312,pos
3313,neg
3314,pos
3315,pos
3316,neg
3317,pos
3318,neg
3319,neg
3320,neg
3321,pos
3322,neg
3323,neg
3324,pos
3325,pos
3326,pos
3327,pos
3328,neg
3329,neg
3330,neg
3331,neg
3332,neg
3333,pos
3334,neg
3335,neg
3336,neg
3337,neg
3338,pos
3339,neg
3340,pos
3341,neg
3342,neg
3343,pos
3344,neg
3345,neg
3346,neg
3347,pos
3348,pos
3349,pos
3350,pos
3351,pos
3352,pos
3353,neg
3354,neg
3355,pos
3356,neg
3357,pos
3358,neg
3359,pos
3360,neg
3361,neg
3362,pos
3363,pos
3364,neg
3365,pos
3366,pos
3367,neg
3368,neg
3369,pos
3370,neg
3371,pos
3372,pos
3373,pos
3374,pos
3375,neg
3376,neg
3377,pos
3378,pos
3379,pos
3380,neg
3381,pos
3382,neg
3383,neg
3384,pos
3385,pos
3386,neg
3387,pos
3388,neg
3389,neg
3390,neg
3391,pos
3392,pos
3393,pos
3394,pos
3395,neg
3396,neg
3397,pos
3398,pos
3399,pos
3400,pos
3401,pos
3402,neg
3403,pos
3404,pos
3405,neg
3406,pos
3407,pos
3408,neg
3409,pos
3410,pos
3411,pos
3412,pos
3413,pos
3414,neg
3415,neg
3416,neg
3417,pos
3418,neg
3419,neg
3420,neg
3421,pos
3422,neg
3423,pos
3424,neg
3425,neg
3426,neg
3427,neg
3428,neg
3429,neg
3430,neg
3431,pos
3432,pos
3433,pos
3434,pos
3435,pos
3436,neg
3437,pos
3438,pos
3439,neg
3440,pos
3441,neg
3442,neg
3443,neg
3444,pos
3445,pos
3446,neg
3447,neg
3448,neg
3449,pos
3450,neg
3451,neg
3452,pos
3453,neg
3454,pos
3455,neg
3456,neg
3457,neg
3458,pos
3459,pos
3460,neg
3461,neg
3462,neg
3463,neg
3464,neg
3465,neg
3466,pos
3467,neg
3468,neg
3469,neg
3470,neg
3471,pos
3472,neg
3473,neg
3474,pos
3475,pos
3476,neg
3477,pos
3478,pos
3479,neg
3480,pos
3481,pos
3482,pos
3483,pos
3484,neg
3485,neg
3486,pos
3487,pos
3488,pos
3489,pos
3490,neg
3491,neg
3492,neg
3493,pos
3494,pos
3495,neg
3496,pos
3497,pos
3498,pos
3499,neg
3500,pos
3501,pos
3502,pos
3503,pos
3504,pos
3505,neg
3506,pos
3507,pos
3508,pos
3509,neg
3510,neg
3511,pos
3512,pos
3513,pos
3514,neg
3515,neg
3516,pos
3517,neg
3518,pos
3519,pos
3520,neg
3521,neg
3522,pos
3523,neg
3524,pos
3525,pos
3526,neg
3527,pos
3528,neg
3529,pos
3530,neg
3531,neg
3532,neg
3533,neg
3534,pos
3535,pos
3536,pos
3537,pos
3538,pos
3539,pos
3540,pos
3541,neg
3542,pos
3543,neg
3544,pos
3545,neg
3546,neg
3547,pos
3548,pos
3549,neg
3550,pos
3551,neg
3552,pos
3553,neg
3554,neg
3555,neg
3556,neg
3557,neg
3558,neg
3559,pos
3560,pos
3561,neg
3562,pos
3563,pos
3564,pos
3565,pos
3566,neg
3567,pos
3568,neg
3569,neg
3570,pos
3571,pos
3572,pos
3573,pos
3574,neg
3575,pos
3576,pos
3577,neg
3578,pos
3579,pos
3580,pos
3581,neg
3582,pos
3583,neg
3584,pos
3585,neg
3586,neg
3587,neg
3588,pos
3589,pos
3590,pos
3591,neg
3592,pos
3593,pos
3594,pos
3595,pos
3596,pos
3597,pos
3598,neg
3599,neg
3600,neg
3601,neg
3602,pos
3603,neg
3604,neg
3605,pos
3606,pos
3607,neg
3608,pos
3609,pos
3610,neg
3611,pos
3612,pos
3613,neg
3614,pos
3615,neg
3616,pos
3617,pos
3618,neg
3619,pos
3620,pos
3621,neg
3622,neg
3623,pos
3624,pos
3625,pos
3626,pos
3627,neg
3628,pos
3629,neg
3630,neg
3631,neg
3632,pos
3633,pos
3634,neg
3635,pos
3636,neg
3637,pos
3638,pos
3639,neg
3640,pos
3641,pos
3642,pos
3643,pos
3644,pos
3645,pos
3646,neg
3647,neg
3648,pos
3649,neg
3650,pos
3651,neg
3652,pos
3653,neg
3654,pos
3655,neg
3656,neg
3657,pos
3658,pos
3659,neg
3660,neg
3661,neg
3662,pos
3663,neg
3664,pos
3665,pos
3666,neg
3667,pos
3668,pos
3669,pos
3670,pos
3671,pos
3672,pos
3673,neg
3674,pos
3675,pos
3676,neg
3677,neg
3678,pos
3679,pos
3680,pos
3681,pos
3682,neg
3683,neg
3684,neg
3685,pos
3686,pos
3687,neg
3688,pos
3689,pos
3690,pos
3691,pos
3692,pos
3693,pos
3694,neg
3695,neg
3696,neg
3697,pos
3698,pos
3699,pos
3700,neg
3701,pos
3702,neg
3703,neg
3704,neg
3705,neg
3706,pos
3707,neg
3708,pos
3709,pos
3710,neg
3711,neg
3712,pos
3713,neg
3714,neg
